"","Continent","Year","Meningitis","Alzheimer_Disease_and_Other_Dementias","Parkinsons_Disease","Nutritional_Deficiencies","Malaria","Drowning","Interpersonal_Violence","Maternal_Disorders","HIV_AIDS","Drug_Use","Tuberculosis","Cardiovascular_Diseases","Lower_Respiratory_Infections","Neonatal_Disorders","Alcohol_Use","Self_Harm","Exposure_to_Nature","Diarrheal_Diseases","Environmental_Exposure","Neoplasms","Conflicts_and_Terrorism","Diabetes","Chronic_Kidney_Disease","Poisonings","Protein_Malnutrition","Road_Injuries","Chronic_Respiratory_Diseases","Cirrhosis","Digestive_Diseases","Fire","Acute_Hepatitis"
"1","Africa",1990,181275,31968,8647,229824,597539,33169,51729,87234,265823,1376,439411,907631,871489,739139,4406,46022,327,1016948,4604,302947,82573,86342,82730,19479,222071,179669,153677,166965,256441,24814,25508
"2","Africa",1991,182419,33120,8898,229486,616241,33139,54634,87424,343932,1451,444970,925649,873660,745768,4514,47028,575,1035113,4685,310911,43022,88733,84766,19461,221758,180807,156138,169178,260243,24844,25468
"3","Africa",1992,186422,34375,9188,230738,629652,33218,61563,88349,434555,1559,452552,947903,880584,754088,4646,48706,582,1021304,4806,320322,14442,91887,87195,19734,223011,185097,159059,171966,265070,25216,25490
"4","Africa",1993,187258,35606,9489,230356,648367,33204,64999,88632,536236,1615,457708,970255,883438,763713,4713,49335,173,1015242,4863,327367,20816,94305,89269,19771,222663,186547,161451,174701,269360,25292,25501
"5","Africa",1994,186856,36891,9813,229094,660736,33151,60405,89485,646144,1700,467114,994128,888132,773399,4826,50761,1775,1033563,4959,336601,533642,97779,91686,19870,221442,189571,164781,177643,274158,25526,25684
"6","Africa",1995,188876,38089,10089,227011,678938,32955,60810,89468,761082,1774,476757,1012597,892276,784238,4932,51973,1153,1022269,5082,344623,30402,100613,93566,19886,219418,191292,167472,179781,277970,25535,25905
"7","Africa",1996,204232,39398,10397,223723,698465,32560,62570,90265,876523,1837,481753,1036603,890333,793859,5041,52965,503,1022575,5164,354092,60992,104878,95924,19823,216222,192414,170706,182242,282164,25462,26015
"8","Africa",1997,194010,40725,10772,220443,718707,32713,64116,91435,990313,1955,485057,1066048,891379,805044,5209,55306,3254,1016944,5207,366481,75560,110329,98869,20039,213041,197040,174478,185792,287843,25815,26209
"9","Africa",1998,194020,42042,11099,217650,737083,32502,67055,93461,1101467,2035,490756,1088497,892403,816277,5312,57214,378,1012456,5306,375803,80391,114202,101322,20080,210338,200134,177378,189272,293577,26094,26418
"10","Africa",1999,197032,43306,11351,213972,753993,32347,69929,95355,1203938,2097,493483,1105039,893334,825972,5341,58346,744,1000765,5357,382868,104983,116803,103238,20162,206847,202510,178430,192365,298743,26068,26515
"11","Africa",2000,198342,44762,11654,208415,774754,32193,72440,96648,1294357,2172,500324,1115640,894362,834658,5390,59819,1441,984787,5431,390919,89503,120251,105428,20324,201622,205290,180128,194465,302696,26306,26639
"12","Africa",2001,199400,46198,12036,200902,804576,31935,71610,98105,1369638,2214,498931,1134127,887830,842697,5403,60722,1647,968072,5465,398582,33264,123506,107995,20214,194503,207166,181998,198428,307861,26338,26630
"13","Africa",2002,199605,48125,12574,195246,813451,31955,74739,100472,1429663,2277,496263,1158051,885632,852408,5471,62077,841,945650,5595,408991,41558,127650,111286,20386,189165,210182,185047,202786,314259,26542,26067
"14","Africa",2003,203107,49820,13071,187322,843565,31964,74120,103368,1472897,2334,494164,1182115,878728,862631,5565,63578,2876,918855,5636,420348,39652,132085,114684,20490,181509,213722,188266,207683,321066,26615,25541
"15","Africa",2004,201569,51621,13466,180225,848275,31800,75248,105794,1490849,2377,488338,1195053,869807,871821,5660,64546,1628,893903,5631,430865,34197,135697,117166,20610,174662,215696,190107,210971,326077,26820,25016
"16","Africa",2005,202209,53445,13847,175680,837909,32068,74270,107182,1469855,2427,479653,1205450,860643,882405,5734,65143,512,875393,5666,440847,19808,139322,119153,20770,170327,216948,191545,213446,330002,27077,24655
"17","Africa",2006,204616,55430,14327,169582,840009,32347,75303,107979,1408469,2488,476207,1225645,859075,888041,5835,65901,1524,873093,5728,453131,9612,144095,121971,20994,164402,219516,194025,215443,334795,27401,24113
"18","Africa",2007,203582,57105,14684,162786,840590,32185,74617,108428,1319453,2562,469736,1240982,850192,892355,5920,66244,1048,857057,5781,463295,9238,147544,124052,21036,157797,220386,194934,217251,338737,27569,23072
"19","Africa",2008,197644,59181,15216,155484,836262,31618,74744,108250,1220021,2664,463192,1266080,835714,892846,6020,66926,836,835649,5767,476062,14155,151860,126989,20929,150664,221240,196825,220205,343720,27474,22006
"20","Africa",2009,195542,61154,15719,148810,824995,31422,76858,108675,1131103,2773,457098,1294003,823996,891895,6167,67847,724,818412,5795,491761,21699,156918,130702,20888,144098,222578,199224,224206,350066,27499,21241
"21","Africa",2010,190295,63254,16228,152808,806963,30996,76173,108387,1059198,2845,448060,1317234,809790,889092,6297,68553,1342,794259,5788,506507,10889,161880,134112,20992,147854,223171,201391,228155,355855,27452,20709
"22","Africa",2011,180722,65516,16744,148622,767180,30531,77306,108063,991705,2941,438902,1341703,795533,886031,6459,69014,814,769297,5758,521538,18930,166427,137224,20742,143737,223936,203362,231047,361845,27368,20323
"23","Africa",2012,176873,67792,17319,134199,730909,30387,76935,106680,920410,3038,433436,1375600,788486,880418,6619,69855,1035,745322,5766,537973,13862,171427,141076,20831,129675,225728,206154,235029,369152,27510,19978
"24","Africa",2013,168873,70017,17924,130808,699261,30034,78870,105345,857484,3137,431374,1405825,784392,874373,6799,70604,975,727928,5811,554563,23784,175875,144961,20863,126307,225448,209136,237435,374949,27656,19636
"25","Africa",2014,165636,71997,18380,127523,661667,29982,82155,104019,810186,3267,431445,1437015,781115,865913,6975,71759,574,711686,5881,571998,34794,181541,149634,20941,123037,227437,211911,240899,381383,27858,19337
"26","Africa",2015,157940,74371,19053,124335,637768,29627,81660,101943,774864,3372,428206,1484430,775486,855554,7122,72655,1175,692873,6024,589605,30912,187848,154662,20881,119854,230488,215048,244733,387738,28128,18985
"27","Africa",2016,157494,76553,19522,122277,611258,29392,81827,100962,749140,3500,421051,1513243,766100,845323,7260,73747,1211,679917,5911,606253,21727,192958,158623,20906,117777,231059,217452,249473,395455,28095,18741
"28","Africa",2017,154886,79195,20008,119563,584956,28662,84584,100009,713838,3646,411247,1540602,747908,829512,7439,75294,2590,669725,5886,623543,25729,196913,161637,20792,115049,232773,219992,255465,404047,28006,18532
"29","Africa",2018,149551,82055,20648,113244,584772,28087,87071,99291,667231,3811,401833,1572451,732010,816285,7632,77287,1068,635578,5864,641628,22432,200546,165212,20705,108808,234632,222606,260192,409983,28030,18140
"30","Africa",2019,146250,84950,21294,108317,596576,27424,83883,98873,642333,3956,395225,1606595,720004,803006,7824,79000,1642,609917,5855,659877,13042,205317,168965,20583,103933,236135,225676,265174,416342,28015,17880
"31","Asia",1990,182933,126089,37113,423535,232405,206301,99744,180698,4491,7881,1077806,3259305,1426211,1694187,22878,258707,47369,1649045,14412,1319379,26437,242064,248810,23464,339042,385226,1068566,400237,721898,47274,111764
"32","Asia",1991,179775,131319,38351,397442,229989,203265,99398,178956,7352,8161,1091488,3334225,1405302,1672293,23624,264691,152133,1650615,14870,1353849,27092,250295,256447,23498,315321,393684,1091381,405859,731838,47672,111680
"33","Asia",1992,176370,136930,39657,373255,214699,200196,103686,180878,12221,8462,1111271,3420296,1389912,1658330,24288,270955,9050,1650918,15089,1393134,30970,259788,264940,23510,294395,400033,1113908,412329,743447,47967,111509
"34","Asia",1993,171962,142964,41019,350907,203823,198122,106326,176445,19816,8875,1079959,3495161,1365551,1640317,25222,274620,17267,1598256,14938,1432713,33087,268680,271962,23207,276238,405445,1131054,421983,757027,48075,111221
"35","Asia",1994,167516,149174,42310,331562,185586,196272,108465,173471,30200,9366,1054965,3570556,1341620,1620679,26389,280250,5449,1535582,15364,1472069,25202,277910,279556,23106,261201,412111,1145144,432202,770336,48204,110188
"36","Asia",1995,164809,155699,43630,411289,174041,193849,110332,170937,43992,9861,1038709,3632192,1321521,1607694,27111,285547,14307,1494942,16041,1511168,21249,286360,287365,22847,344402,417623,1155989,439963,779653,48598,109323
"37","Asia",1996,160948,162501,45264,366662,166440,189516,109658,168625,61043,10495,1029144,3720878,1293694,1584634,28052,292533,7266,1449975,15768,1554834,20250,298794,297661,22601,303275,422277,1181676,450061,793147,48473,106999
"38","Asia",1997,158813,170355,47690,348830,167523,188382,110424,169976,81431,11281,1043168,3865786,1280473,1569549,29224,305591,10525,1431831,16036,1606719,18844,315271,311812,22324,287921,429101,1232566,462639,814316,50086,106738
"39","Asia",1998,154925,178380,49658,327365,155877,186962,111769,167993,105283,11887,1043201,3954120,1260134,1553067,29792,315325,18183,1411286,18915,1649139,24106,328244,322257,21922,270629,431959,1255986,470057,823772,49305,105501
"40","Asia",1999,152000,186037,50783,306781,132435,182497,112910,166351,131355,12496,1036727,4001120,1233928,1534952,30412,325569,31692,1384781,16327,1680969,17410,336937,329746,21652,254737,437663,1252481,476745,829789,49748,103814
"41","Asia",2000,149890,194248,52598,290459,100500,177747,113526,164658,157235,13005,1025696,4080988,1205513,1516861,30628,329437,5403,1352400,16740,1712006,20755,349777,339353,21244,241471,438007,1270754,485151,837905,49264,102176
"42","Asia",2001,145659,203141,55035,274595,102469,173157,113096,159770,181530,13468,1000371,4185417,1179362,1498787,30617,327721,24390,1313514,17013,1743943,21593,363318,348275,20765,228402,437311,1299035,494280,847234,49130,99964
"43","Asia",2002,140412,212760,57563,258196,110873,165399,113316,152884,202865,13948,973778,4295946,1158932,1489049,30619,325661,4787,1275031,18932,1782679,18603,377815,357907,20266,215654,436206,1321590,503476,854961,48077,97152
"44","Asia",2003,135792,222186,59261,167879,111593,159188,111644,144585,218654,14425,944952,4354822,1139047,1475957,30488,321513,30095,1235460,18683,1815798,28129,388669,365264,19892,129392,433239,1326360,509983,857292,47414,94649
"45","Asia",2004,133091,232351,60460,154643,108346,155731,111680,138936,233781,15055,904506,4364283,1115822,1459824,30265,322038,232694,1187840,16941,1842547,30672,395630,369971,19872,119026,432117,1305710,514584,856047,46215,94174
"46","Asia",2005,131962,245013,63962,143938,98065,155319,111748,136948,239454,16066,893817,4507868,1112595,1437243,30748,328842,81685,1168821,17369,1906123,35647,414555,385177,19799,109593,439439,1347468,528819,874751,46417,95620
"47","Asia",2006,128285,258616,67559,137768,96837,152593,111395,132419,238891,16122,879234,4666927,1102513,1411107,31467,332745,15294,1157753,16948,1963611,62569,433737,398696,19575,103625,446355,1401854,538756,888543,46230,93251
"48","Asia",2007,123851,273796,70716,130977,95271,149530,111716,125916,230484,16457,868164,4803431,1090690,1380333,32098,331352,11309,1143302,17033,2023664,59808,450598,411204,19255,97421,455952,1443948,548859,901246,45846,90582
"49","Asia",2008,120954,290139,74126,127050,92271,147329,112271,121901,219840,16731,859520,4947050,1087916,1357520,32777,330380,144035,1134921,16700,2087629,48571,468764,424181,19243,93702,467267,1486722,559624,915212,45943,88700
"50","Asia",2009,116905,305852,75343,121097,87784,143064,110486,117532,204771,16922,832138,5002794,1064459,1328901,32578,326957,7010,1086215,16686,2134485,47225,476192,428910,18835,89051,469094,1469339,560084,910481,45539,85095
"51","Asia",2010,113011,321974,77369,116401,98135,140796,110540,114862,189223,17009,806608,5108197,1047928,1299024,32920,331099,6452,1062128,17296,2201381,40985,488627,438877,18456,85158,473441,1476109,568847,920416,45819,82748
"52","Asia",2011,109364,338913,80738,112896,98274,138478,109885,110886,176456,17039,788945,5248453,1040435,1265284,33431,334778,25235,1058257,17658,2271978,42025,509875,452913,18322,81811,479028,1517170,580354,935362,45808,80280
"53","Asia",2012,101263,358048,84389,110980,72361,136139,107528,105152,164928,16855,785587,5381774,1039302,1232695,33342,333003,5686,1020166,17853,2332863,96101,535374,463927,17783,79793,483589,1552435,583350,936574,45101,78759
"54","Asia",2013,99187,379371,89867,106960,49452,131103,107562,102642,156757,17345,781285,5520978,1046013,1208910,33255,327001,23174,990724,18296,2403944,91375,559934,478489,17612,76384,476785,1614137,585582,944441,45180,73463
"55","Asia",2014,93940,399450,94380,102733,60201,123892,103913,95806,144925,17630,772830,5622902,1037522,1167273,32952,317767,3945,945542,17547,2466552,145918,582868,490340,16482,72626,467650,1657205,584205,944923,44155,67773
"56","Asia",2015,89353,418181,96836,98690,63173,121155,105801,91592,131597,18096,750798,5752313,1028142,1126934,33676,313360,12456,917536,20829,2546161,132684,604291,505720,16275,69340,463115,1683324,593028,959446,44105,64048
"57","Asia",2016,83511,437894,100248,93444,46465,117329,107425,88195,119401,18673,741712,5891130,1007404,1058017,34631,313565,3410,890899,17274,2626519,138690,626680,522724,15885,64797,462362,1709061,604664,977061,44327,60238
"58","Asia",2017,75788,458168,104235,89614,42121,114000,107393,85405,108534,19204,737764,6042679,994904,1005538,35382,316258,5220,894886,17083,2700555,104208,647196,537324,15720,61368,463775,1750751,619680,1002262,44447,58335
"59","Asia",2018,73396,480590,109254,85525,44606,114625,108387,85614,102622,20121,722922,6226917,999961,959156,36357,326737,8511,875334,17318,2791011,80311,673093,555704,15795,57799,472723,1804251,631934,1022632,45544,57374
"60","Asia",2019,71656,499966,113151,82504,44260,113793,108360,84712,100509,20893,705209,6385037,1002961,920940,37256,331215,3684,856836,17173,2881147,49608,695913,572493,15749,55382,477480,1836768,643012,1040366,46054,55999
"61","Europe",1990,8294,182282,43648,5207,0,33397,45840,2251,15621,11731,29791,3720242,187286,51932,56504,148517,369,5483,22451,1656007,1073,113556,72797,16821,3678,147378,336474,147155,302040,18241,1027
"62","Europe",1991,7983,188734,44474,5281,0,34664,49705,2137,18974,13022,29835,3756356,186929,48426,61287,153165,407,5402,23858,1678122,7830,115639,72966,17412,3766,147416,337314,150698,307062,19024,978
"63","Europe",1992,7691,194616,45199,5408,0,36425,62229,1966,22363,14484,31481,3821382,190705,43916,69061,162736,212,5457,27022,1707605,11216,116873,73493,18495,3891,146661,339880,155240,314560,20337,931
"64","Europe",1993,7816,200802,46648,5626,0,40010,77458,1884,26358,16344,36438,4019770,203545,41231,79542,180022,241,5704,34101,1765031,7069,119807,75886,20875,4039,148908,350473,163692,329256,23021,903
"65","Europe",1994,7957,206522,47516,5771,0,43423,86694,1897,30242,17777,41056,4128319,210543,39898,87398,191876,432,5900,39428,1795001,4015,121092,77752,22408,4154,148586,353591,170976,340120,25162,873
"66","Europe",1995,7690,211595,48332,5892,0,43397,85729,1770,33031,18171,41809,4109604,215561,36753,88974,190863,390,5734,38975,1796683,13012,121801,78911,22081,4299,142655,351616,174186,343587,25019,819
"67","Europe",1996,7193,215943,48870,5900,0,39952,75546,1598,31437,18186,40345,4031740,216538,34310,86969,182877,447,5583,35163,1777378,3230,121088,79375,20888,4384,133084,345364,171960,339366,24189,781
"68","Europe",1997,6812,219403,49306,5921,0,37582,69178,1501,23745,18166,38542,3958353,216213,32511,83871,175005,474,5540,31636,1763220,2298,119927,79950,19728,4468,125879,338098,169362,334931,23028,752
"69","Europe",1998,6496,223232,50003,5990,0,36855,67177,1380,19720,18718,37633,3908164,216779,30685,82745,171453,657,5735,30214,1762897,1798,119050,81657,19127,4561,122495,332377,168059,333818,22876,719
"70","Europe",1999,6493,227978,51441,6213,0,38482,73224,1313,22099,20242,40577,3990792,223530,29409,85273,177332,585,6117,31625,1796985,16708,120134,84863,19998,4741,124011,335647,171973,341612,24495,704
"71","Europe",2000,6418,231864,52336,6341,0,38455,75421,1234,22853,21428,42747,3999832,223508,28110,88911,179141,332,6574,33621,1812648,7272,119894,87945,20762,4904,123655,329214,175416,347098,25663,685
"72","Europe",2001,6382,236316,53602,6398,0,37914,75472,1173,22351,21168,43698,3997954,217850,26839,91626,176338,283,7032,35331,1821803,4871,120667,90591,20903,5015,122663,321973,179917,353666,26358,660
"73","Europe",2002,6234,241348,55628,6579,0,36865,76205,1129,22320,20900,45069,4046033,220049,25529,93794,174404,608,7686,36709,1845587,2808,122921,94387,21048,5188,121542,322357,186854,364558,27068,632
"74","Europe",2003,6146,246679,57510,6740,0,35366,73681,1110,23486,21388,45673,4057347,221558,25191,94747,172307,229,8516,39242,1860989,1349,125113,97935,20905,5364,120027,321457,193504,374699,27412,621
"75","Europe",2004,5913,252090,58087,6548,0,33835,71072,987,23583,22059,44574,3963664,216051,24205,93775,167800,223,9087,36727,1854682,2713,123205,99061,20093,5228,115993,311765,195969,377048,26468,612
"76","Europe",2005,5845,259150,60085,6657,0,33248,69228,964,27256,23871,46119,4006096,219538,23152,92745,169038,310,10007,37820,1879152,1255,124481,102843,19900,5324,114944,311672,204515,390195,26648,610
"77","Europe",2006,5385,265546,61202,6672,0,29940,59447,940,26990,23886,41551,3867770,212043,22879,87173,159293,256,10899,34675,1865286,580,123447,104951,17779,5387,107419,303948,200423,385307,24224,611
"78","Europe",2007,5177,272187,63109,6807,0,28359,55557,941,27953,23811,38590,3812303,209926,22812,82151,154065,266,11823,30127,1878804,553,124212,108534,16355,5514,102625,303752,201197,387942,22915,619
"79","Europe",2008,5014,279301,65298,7025,0,26938,53137,958,28915,23897,36699,3802075,211246,22147,78367,152235,259,12539,28531,1905059,778,125028,112451,15531,5715,97729,305092,203701,394039,22131,610
"80","Europe",2009,4743,287621,66694,7166,0,24396,46923,984,28603,22509,32571,3708048,207939,21579,73340,145458,582,13039,25513,1906521,1096,125018,115196,14003,5863,89564,303690,197430,388033,20363,603
"81","Europe",2010,4581,297218,68223,7344,0,23597,44411,903,29100,22079,30813,3690463,207630,20280,70185,143151,361,13421,28646,1916765,1350,124967,119019,13318,6036,84959,304666,195789,389047,19656,598
"82","Europe",2011,4414,307548,69288,7481,0,21447,41144,809,30035,20917,27842,3593916,207207,20019,66363,137275,177,13535,21621,1912107,815,125202,122418,12096,6181,79655,305372,188889,382786,18229,583
"83","Europe",2012,4302,318050,71218,7756,0,20412,38757,723,29892,20525,25941,3576156,211270,20399,64159,134285,331,14053,20991,1929407,1475,127306,127656,11442,6443,76187,310588,186832,384314,17402,565
"84","Europe",2013,4189,327178,72408,7896,0,19544,36931,687,27887,20338,23962,3541515,213474,19410,63144,132265,245,14433,18586,1937728,1387,128791,131350,10825,6582,72368,313002,184883,384633,16592,521
"85","Europe",2014,4020,336966,73441,8042,0,19117,37167,681,30554,20142,22416,3527182,215912,18662,63106,131017,280,14600,18052,1949623,6268,131187,135068,10553,6715,70478,315194,184715,387018,16162,495
"86","Europe",2015,4045,348451,76015,8520,0,19403,36262,661,32652,19842,22101,3618635,224595,17442,63188,133050,266,15198,17837,1997295,2811,137661,141775,10414,7116,70544,326401,190484,398864,16084,467
"87","Europe",2016,3892,357904,76618,8730,0,18489,33832,613,34948,19219,20453,3594181,225032,16581,62919,129069,522,15234,16935,1999473,970,139446,143437,9981,7320,67701,327548,186941,396118,15358,440
"88","Europe",2017,3629,367155,77311,8879,0,17545,32389,585,32103,18655,19039,3580805,224651,15031,62516,125402,286,14864,15905,2003197,691,141449,143648,9526,7482,65658,330041,182970,391920,14855,447
"89","Europe",2018,3548,376675,78878,9032,0,17565,33915,589,30827,18678,18721,3649992,228838,14369,63574,124848,80,14763,15712,2028727,444,142709,145704,9610,7641,65917,335994,182502,393701,14976,447
"90","Europe",2019,3484,385625,80277,9199,0,17517,34281,580,29615,18737,18451,3705717,232548,13574,64444,123516,67,14725,17117,2056041,250,144625,148148,9662,7800,65867,341346,182573,396401,14787,444
"91","North_America",1990,8148,92204,17356,27339,541,13349,56101,5688,36066,6784,16706,1127852,144340,88303,15472,46242,391,61014,2148,687961,2118,90944,55782,3223,24100,84989,144464,75729,144493,8837,806
"92","North_America",1991,7612,98180,17834,26978,1785,12994,57790,5535,43231,7144,16102,1128206,143627,86049,15790,46623,334,57295,2029,696574,2467,94318,57571,3091,23846,83624,148769,76684,146030,8608,806
"93","North_America",1992,7272,103632,18412,26446,1179,12652,57770,5714,50223,7668,15702,1130985,143773,83771,16185,47119,359,52822,2011,706971,770,98423,59928,2975,23394,82464,153457,78101,148301,8175,805
"94","North_America",1993,7043,109174,19348,25975,1429,12504,58390,5292,57227,8468,14931,1157983,146371,82011,16595,48449,968,49453,2233,726620,445,104363,63291,2908,22946,82953,161396,80833,152675,8321,804
"95","North_America",1994,6719,113753,20073,25175,1623,12155,58568,5552,64662,9168,13727,1166323,146761,79849,16835,49035,1623,45725,1993,737956,882,109095,66119,2780,22244,82732,166757,82449,155148,7899,803
"96","North_America",1995,6517,118071,20953,24388,1391,11963,57344,5609,67758,9882,13019,1181072,147227,77725,16880,49380,445,42035,2477,751411,530,114416,69774,2679,21548,82580,173073,83944,157660,7703,808
"97","North_America",1996,6220,120648,21716,23787,1473,11557,54743,5196,57961,10635,12421,1182463,146973,75495,16885,49075,565,38320,1979,755634,359,118151,73226,2585,21100,81966,177951,84618,158925,7879,798
"98","North_America",1997,6054,121298,22520,23315,654,11452,53407,5256,43820,11748,11956,1182027,146517,73825,17133,49239,628,35373,1922,760260,243,121566,77653,2522,20778,82204,183166,86202,161444,7330,787
"99","North_America",1998,5717,121651,23571,22701,2011,11362,52330,5245,41327,13048,11248,1189151,145173,72152,17577,49287,21250,33012,1948,770451,344,125040,84386,2422,20316,82102,189968,88230,164568,7187,775
"100","North_America",1999,5526,122307,24775,21968,1400,10953,49374,5258,43965,14778,10485,1200221,140130,70497,17793,49079,981,30846,1950,782230,93,129071,91094,2375,19759,81860,198015,89209,166767,7005,787
"101","North_America",2000,5236,124298,25857,21172,1207,10761,48056,5115,43559,16524,9697,1196479,136297,68789,18021,49365,441,29655,1826,790107,83,131697,97821,2345,19118,81835,202600,90712,169249,6891,750
"102","North_America",2001,4987,127678,26979,20753,693,10607,47847,5564,43665,18518,9200,1194459,133711,66869,18312,50193,1498,28886,1686,797739,4318,135318,104292,2351,18784,82013,207150,92662,172392,6967,721
"103","North_America",2002,4792,131543,28100,20050,900,10533,48525,5784,43733,21011,8820,1192904,131978,65148,18557,51032,500,28499,1896,806607,94,139666,110430,2399,18157,82621,211690,95075,176027,6659,701
"104","North_America",2003,4700,135705,29107,19541,783,10491,49478,5826,43236,23424,8608,1186076,130798,63355,18877,51750,502,28525,1657,815093,599,143318,116805,2436,17714,82923,215841,97488,179660,6971,675
"105","North_America",2004,4616,139548,29744,18850,510,10337,49713,5636,42506,25446,8240,1162577,128622,61604,19193,51953,6518,28675,1654,816578,1256,144100,121741,2445,17146,82234,217076,97893,180400,6534,646
"106","North_America",2005,4556,144244,30924,18623,846,10440,53480,6051,41047,27654,8021,1164982,128785,60420,19600,53325,4733,29029,1781,829330,1024,147543,129544,2526,16974,82960,223316,100833,185108,6589,622
"107","North_America",2006,4485,147965,31600,18006,1116,10397,54631,5681,39610,29347,7728,1149969,126469,59163,19887,54373,322,28988,1939,837408,1083,146404,135608,2612,16470,82440,225598,101792,186790,6603,602
"108","North_America",2007,4394,151776,32347,17627,1004,10359,54340,5869,37508,30370,7540,1140226,124894,58008,20086,55356,949,29047,1668,848147,1106,145804,142266,2592,16168,80945,229416,103265,189139,6668,588
"109","North_America",2008,4278,155934,33442,17528,1288,10357,58212,5943,35531,31433,7539,1147891,125546,56044,20338,56812,1287,29275,1659,867366,553,148553,150989,2613,16053,79675,236827,106816,194606,6315,585
"110","North_America",2009,4201,159468,34221,17402,1671,10259,62428,5943,33667,32697,7441,1148209,125521,54117,20626,58104,653,29156,1652,881459,544,150394,158051,2647,15932,78088,241127,109777,199016,6220,599
"111","North_America",2010,4088,163938,35035,17134,1939,10036,62284,5263,32029,34047,7246,1150183,125196,52428,20877,58553,223568,30328,1666,887750,683,149879,163480,2628,15698,75648,245125,110783,200980,5890,591
"112","North_America",2011,4025,168352,36077,16885,985,9901,63457,5194,30734,36426,7127,1165177,126719,51494,21338,59669,1234,34594,1700,902773,764,150096,170024,2678,15482,74710,251198,113610,205335,6067,588
"113","North_America",2012,3895,172469,37069,16776,897,9819,70412,5332,29483,38759,7064,1180632,128035,50579,21798,60505,466,29054,1698,918055,361,151734,176144,2680,15382,74190,257041,116871,210149,6139,585
"114","North_America",2013,3897,176775,38301,17045,712,9708,69202,5599,28444,41994,7201,1206708,131582,49646,22471,61678,518,29467,1759,937201,283,156523,184624,2708,15633,74612,264940,121648,217344,6216,584
"115","North_America",2014,3922,180360,39345,17113,457,9819,68406,5503,27717,46319,7266,1230519,134071,48060,23216,63099,384,28971,1782,955644,141,161212,191186,2734,15702,75356,270933,125392,223031,6210,573
"116","North_America",2015,3898,184678,40529,17233,421,9909,71939,5368,26896,52094,7307,1258921,136545,46866,23828,64687,457,28825,1826,973135,97,165179,197579,2792,15846,76694,278048,128880,228720,6256,563
"117","North_America",2016,3889,189166,41487,17360,480,10059,67287,5248,26015,59241,7333,1284483,138087,45341,24292,66453,1125,29048,1895,994262,80,170819,203388,2844,15985,78610,283593,132777,234731,6361,562
"118","North_America",2017,3827,193756,42187,17295,364,10035,72224,5022,24876,63943,7361,1305663,140388,43417,24324,66196,3550,28220,1879,1013885,26,177338,206156,2812,15896,79425,287268,135320,239155,6127,566
"119","North_America",2018,3708,198718,43961,17835,418,9941,71811,4969,24147,66442,7347,1346719,144033,41864,24670,65538,728,28291,1969,1048086,64,183606,211702,2775,16395,79288,297139,138305,245116,6212,572
"120","North_America",2019,3639,202818,45382,18392,463,9757,71079,4866,23803,69437,7337,1385803,147562,40599,24846,64574,161,28432,1914,1079993,32,190745,217954,2753,16901,78453,306220,140969,250915,6256,573
"121","Oceania",1990,864,4687,1183,376,863,753,786,595,449,499,1662,72535,8219,3991,348,3238,29,2988,67,41430,35,4980,2603,141,337,4937,12902,2162,5850,552,154
"122","Oceania",1991,1185,4885,1224,380,784,745,767,615,520,529,1677,72077,8275,3954,351,3280,231,3030,67,42099,20,5206,2671,142,343,4727,13088,2171,5845,599,149
"123","Oceania",1992,1193,5094,1286,388,758,750,749,631,572,582,1681,72961,8395,3974,356,3337,17,3055,68,43224,51,5498,2783,142,347,4607,13494,2191,5892,592,145
"124","Oceania",1993,1147,5310,1340,393,924,745,746,644,670,631,1660,73056,8423,3958,369,3344,100,3054,83,44097,21,5772,2888,144,354,4468,13715,2197,5893,599,138
"125","Oceania",1994,1151,5549,1409,397,1035,747,767,652,694,709,1638,73887,8510,3963,381,3450,8,3047,85,45200,35,6085,3006,144,357,4403,14042,2234,5972,643,134
"126","Oceania",1995,1106,5796,1467,403,1106,747,756,663,701,796,1626,73977,8579,3972,398,3557,5,3059,80,45917,34,6360,3115,150,363,4383,14246,2250,6004,623,133
"127","Oceania",1996,847,6070,1540,410,943,758,777,677,762,848,1622,74412,8808,4035,411,3645,68,3088,71,46802,107,6667,3270,154,370,4358,14583,2291,6084,658,131
"128","Oceania",1997,833,6324,1597,429,954,772,781,696,653,927,1620,73964,9092,4084,438,3741,222,3105,70,47279,5,6887,3369,156,390,4327,14692,2308,6137,648,131
"129","Oceania",1998,848,6577,1650,481,843,795,802,719,791,997,1644,73313,9149,4189,463,3778,2199,3208,67,47703,0,7079,3489,165,439,4349,14756,2311,6159,679,133
"130","Oceania",1999,827,6853,1718,449,771,812,864,760,1054,1015,1656,73299,9338,4341,494,3728,72,3278,67,48315,2,7360,3653,179,410,4365,14959,2331,6267,698,134
"131","Oceania",2000,802,7160,1789,454,1111,816,838,756,1385,956,1643,73168,9588,4432,513,3637,11,3332,71,48901,8,7625,3814,189,417,4316,15062,2347,6374,733,131
"132","Oceania",2001,812,7495,1866,454,1278,815,894,767,1763,846,1649,73402,9765,4502,523,3568,10,3366,68,49554,8,7856,3964,185,420,4260,15237,2391,6498,705,130
"133","Oceania",2002,814,7836,1958,462,1374,820,854,794,2169,819,1672,74094,10009,4586,541,3518,99,3437,71,50166,1,8191,4154,192,425,4251,15528,2479,6723,757,129
"134","Oceania",2003,813,8129,2022,462,1693,811,828,805,2568,835,1693,73651,10144,4659,555,3506,44,3473,74,50448,2,8557,4283,199,423,4238,15623,2539,6827,744,128
"135","Oceania",2004,828,8394,2062,465,1970,818,777,825,2923,853,1719,72537,10247,4742,560,3466,41,3556,79,51911,3,8787,4393,200,427,4211,15602,2555,6883,739,129
"136","Oceania",2005,852,8709,2104,474,2050,842,809,851,3169,878,1750,71832,10440,4823,577,3457,15,3714,80,52800,5,9079,4558,203,436,4232,15649,2594,6971,783,128
"137","Oceania",2006,882,9084,2171,480,2280,858,873,869,3361,860,1778,72126,10643,4899,594,3475,29,3850,83,53977,2,9305,4797,206,441,4250,15896,2645,7138,796,129
"138","Oceania",2007,894,9448,2261,487,2087,877,885,889,3394,835,1803,73191,10740,4955,616,3587,237,3919,85,55769,7,9652,5089,210,449,4309,16369,2741,7400,814,130
"139","Oceania",2008,842,9778,2343,488,2429,877,969,883,3411,799,1812,73778,10707,5010,634,3686,33,3939,85,57246,5,9895,5316,213,451,4306,16795,2818,7610,819,129
"140","Oceania",2009,829,10067,2382,485,2687,874,1055,893,3554,773,1810,73188,10673,5065,646,3744,259,4099,117,57986,3,9961,5462,212,447,4271,16992,2879,7745,966,127
"141","Oceania",2010,838,10415,2441,489,2026,884,1140,904,3704,783,1842,73333,10877,5118,659,3817,10,4109,84,58818,12,10076,5590,215,453,4298,17412,2952,7927,823,127
"142","Oceania",2011,835,10829,2525,483,1499,880,1257,898,3846,823,1837,74359,11081,5131,667,3849,222,4041,83,60183,11,10305,5817,215,447,4287,17931,3033,8170,848,128
"143","Oceania",2012,834,11161,2576,476,1369,875,1481,870,3874,851,1839,74337,11272,5158,672,3889,104,4042,80,61044,1,10400,6020,214,444,4258,18318,3081,8316,832,126
"144","Oceania",2013,808,11484,2626,470,1711,878,1384,855,3837,898,1843,74525,11427,5218,682,3942,19,4030,78,62144,3,10416,6261,211,439,4208,18711,3181,8508,836,126
"145","Oceania",2014,798,11868,2710,469,1507,879,1397,863,3779,975,1857,76222,11676,5248,703,4083,68,4019,93,63833,4,10631,6576,213,437,4258,19349,3301,8793,842,126
"146","Oceania",2015,771,12262,2789,490,983,882,1437,884,3790,1045,1877,78074,11883,5291,725,4200,39,3974,76,65303,3,10950,6877,216,456,4361,19961,3412,9067,848,124
"147","Oceania",2016,761,12614,2828,465,1510,888,1413,873,3898,1097,1867,78932,12125,5330,741,4129,58,3968,75,66072,1,11196,7035,216,432,4392,20266,3422,9166,863,123
"148","Oceania",2017,741,12976,2905,467,1452,893,1441,875,3989,1136,1876,81359,12246,5353,753,4069,12,4022,77,67746,0,11570,7148,223,429,4462,20759,3463,9328,881,123
"149","Oceania",2018,728,13442,3033,470,1042,896,1470,885,4035,1186,1884,84831,12423,5377,767,4101,190,3968,79,70603,2,12105,7421,231,432,4560,21550,3553,9633,898,125
"150","Oceania",2019,718,13945,3127,472,1016,897,1482,888,4058,1230,1890,87344,12565,5404,777,4124,16,3923,80,72632,0,12559,7643,234,434,4628,22114,3608,9842,909,125
"151","South_America",1990,12944,28405,6734,27871,7347,18005,77420,8429,10878,506,31069,518237,132269,139770,7223,19327,397,65407,473,264826,4024,47933,36113,1711,26276,72078,69950,46720,92242,5642,900
"152","South_America",1991,12493,29688,6904,26669,7894,17563,81517,7987,13211,517,29642,515475,127522,133999,7446,19531,497,63346,477,269363,4575,49391,36748,1665,25157,71987,71247,46678,92162,5525,868
"153","South_America",1992,12086,31221,7240,25996,8030,17327,82323,7790,15813,532,29123,523614,126224,129699,7705,19971,348,58501,442,278063,4581,51745,38345,1648,24531,72414,74383,47537,93620,5391,852
"154","South_America",1993,11895,32890,7632,25271,6312,17234,86710,7695,18882,553,28409,534792,125864,125856,7990,20704,1046,54756,434,287673,1289,54556,40022,1611,23824,73831,78430,48911,95676,5331,833
"155","South_America",1994,11529,34535,7899,24576,5505,17166,88113,7842,21947,572,27297,536109,124054,122205,8262,21309,324,50620,421,295012,2284,56452,41439,1560,23186,74871,80861,49695,96551,5208,806
"156","South_America",1995,11183,36337,8235,24170,6035,16911,90434,7156,24137,598,26500,538870,123122,119367,8506,21875,458,46387,440,303001,1977,58345,43465,1508,22819,75690,84152,50527,97662,5131,757
"157","South_America",1996,10728,38224,8560,24105,4165,16791,92050,6936,24856,617,25394,542835,121449,116885,8798,22513,374,42614,364,312145,2354,59891,45801,1477,22762,76320,87838,51180,98847,5052,731
"158","South_America",1997,10089,40222,8863,23810,4103,16406,93298,6727,23642,633,23886,538927,119155,114282,9127,23104,1021,38932,345,318869,2271,60711,48106,1415,22471,75344,90095,51417,98802,4940,675
"159","South_America",1998,9580,42461,9325,23940,4883,15994,97563,6584,22592,652,22857,547076,119040,112195,9392,24031,944,36158,333,329690,2101,63018,51279,1366,22567,74587,94352,52394,100421,4821,637
"160","South_America",1999,8678,44670,9706,23811,3984,15613,100218,6407,23012,647,21731,551805,118341,109564,9675,24683,31459,33001,331,339207,2359,65534,54250,1320,22410,74042,97196,53103,101668,4663,598
"161","South_America",2000,8068,46857,10025,23286,4303,15251,107863,6139,23588,660,20641,550814,117229,107532,9948,24995,573,29800,393,346938,2189,67372,56649,1271,21884,73341,97951,53625,102661,4585,581
"162","South_America",2001,7642,49185,10445,22889,3606,14997,111975,5868,24447,680,19564,556106,117592,105254,10178,25459,609,27623,338,355952,2488,69203,58955,1222,21456,73516,100037,54565,104514,4722,561
"163","South_America",2002,7323,51864,11039,22584,2511,15009,119698,5880,24931,709,18936,571313,120067,103008,10433,26057,650,26222,329,369985,3248,72282,62367,1215,21130,75039,103405,56163,107826,4414,536
"164","South_America",2003,7065,54536,11532,22134,1963,14737,108044,5827,25916,738,18246,580425,123156,101585,10688,26188,631,25139,665,379763,1311,74518,64998,1201,20698,75658,105661,57341,110322,4326,526
"165","South_America",2004,6866,57112,11916,20955,1615,14473,103610,5724,25755,757,17527,583696,124537,98340,10980,26354,405,23314,415,386926,1645,75978,66475,1181,19578,76538,106853,58098,112065,4225,518
"166","South_America",2005,6606,59629,12210,19673,1615,14011,98954,5726,26045,788,16783,580926,124923,95039,11215,26409,409,21742,322,391640,1743,76787,67475,1153,18357,76713,106257,58344,112947,4148,505
"167","South_America",2006,6231,62432,12736,18648,1461,13780,99854,5525,26132,842,16193,591193,127962,92230,11434,26862,484,20174,314,402099,709,78932,69363,1113,17375,78193,107810,59706,115727,4051,504
"168","South_America",2007,6185,65362,13279,17874,1212,13539,98805,5406,26370,906,15648,600714,131708,90033,11639,27394,1204,18752,437,412143,486,81175,71554,1107,16633,79981,109742,61117,118460,4076,486
"169","South_America",2008,6086,68292,13762,17179,638,13411,101007,5348,26678,976,15370,608243,134920,87527,11797,27831,865,17569,310,421915,517,83272,73709,1092,15965,82038,111172,62437,121198,4018,467
"170","South_America",2009,6030,71526,14484,16804,643,13297,103616,5863,26810,1090,15472,622841,141939,84995,11877,28403,536,16611,589,435988,623,86197,77077,1094,15607,84242,114413,64298,125191,4045,450
"171","South_America",2010,5408,74813,15179,16480,735,12940,103355,5597,27140,1196,15158,633192,147364,82242,11955,28570,2048,15770,703,446355,529,88699,79981,1074,15295,85301,117609,65321,127978,4133,431
"172","South_America",2011,4966,77896,15762,15982,611,12544,102794,5400,27183,1308,14672,641243,151550,78703,11995,28871,3323,15060,381,455378,288,91414,82579,1057,14823,85759,119897,66289,130371,3982,416
"173","South_America",2012,4661,80805,16287,15577,642,12234,105827,5332,27439,1421,14290,646931,155311,75156,11928,29265,446,14600,552,464836,440,93604,85387,1047,14439,86135,121609,67181,132554,3970,399
"174","South_America",2013,4376,83817,16849,15300,629,11833,105974,5518,28350,1529,14056,655178,160555,71848,11888,29485,569,14322,321,474384,319,95936,88124,1038,14189,85647,123916,68072,134932,4292,390
"175","South_America",2014,4194,86858,17347,14946,488,11495,105574,5608,28883,1614,13921,663087,163810,68086,11819,29591,466,14031,801,482498,389,98004,90337,998,13863,84636,125920,68470,136735,3909,381
"176","South_America",2015,4047,90243,17996,14821,545,11213,105207,5597,29204,1685,13708,679017,168375,64030,11819,29914,630,13873,316,495078,312,101123,93418,980,13730,83114,129575,69723,139884,3812,375
"177","South_America",2016,3970,94314,18761,14870,650,11038,107108,5274,29074,1753,13481,703549,174586,60611,11932,30480,891,13846,296,512284,149,105539,97511,974,13766,82303,134224,71880,144411,3847,371
"178","South_America",2017,3852,98221,19241,14851,751,10780,106022,5164,28783,1785,13287,715062,174731,57640,12110,30511,1025,13756,297,521899,69,107894,99727,969,13755,80891,136823,72469,146118,3820,372
"179","South_America",2018,3757,101908,19752,15136,723,10675,103817,4943,28170,1795,13087,731815,174671,54480,12525,30474,60,13764,298,533756,149,111351,102301,967,14032,80709,140408,74061,149137,3867,376
"180","South_America",2019,3692,105549,20403,15441,877,10576,102513,4798,27498,1826,12999,754324,176741,52047,12900,30504,207,13881,301,549880,0,115478,105742,965,14322,80660,144870,76038,153047,3880,379
